,tourney_id,tourney_name,surface,draw_size,tourney_level,tourney_date,match_num,winner_id,winner_seed,winner_entry,winner_name,winner_hand,winner_ht,winner_ioc,winner_age,loser_id,loser_seed,loser_entry,loser_name,loser_hand,loser_ht,loser_ioc,loser_age,score,best_of,round,minutes,w_ace,w_df,w_svpt,w_1stIn,w_1stWon,w_2ndWon,w_SvGms,w_bpSaved,w_bpFaced,l_ace,l_df,l_svpt,l_1stIn,l_1stWon,l_2ndWon,l_SvGms,l_bpSaved,l_bpFaced,winner_rank,winner_rank_points,loser_rank,loser_rank_points
0,2023-9900,United Cup,Hard,18,A,20230102,300,126203,3.0,,Taylor Fritz,R,193.0,USA,25.1,126610,5.0,,Matteo Berrettini,R,196.0,ITA,26.7,7-6(4) 7-6(6),3,F,135.0,15.0,2.0,85.0,52.0,45.0,16.0,12.0,0.0,0.0,7.0,2.0,97.0,62.0,47.0,15.0,12.0,9.0,9.0,9,3355,16.0,2375.0
1,2023-9900,United Cup,Hard,18,A,20230102,299,126207,,,Frances Tiafoe,R,188.0,USA,24.9,207518,,,Lorenzo Musetti,R,185.0,ITA,20.8,6-2 0-0 RET,3,F,34.0,3.0,1.0,27.0,19.0,15.0,3.0,4.0,3.0,3.0,0.0,0.0,21.0,12.0,8.0,3.0,4.0,1.0,3.0,19,2000,23.0,1865.0
2,2023-9900,United Cup,Hard,18,A,20230102,296,126203,3.0,,Taylor Fritz,R,193.0,USA,25.1,128034,2.0,,Hubert Hurkacz,R,196.0,POL,25.8,7-6(5) 7-6(5),3,SF,104.0,11.0,0.0,80.0,50.0,44.0,19.0,12.0,4.0,4.0,17.0,1.0,82.0,62.0,51.0,7.0,12.0,2.0,2.0,9,3355,10.0,2905.0
3,2023-9900,United Cup,Hard,18,A,20230102,295,126207,,,Frances Tiafoe,R,188.0,USA,24.9,200390,,,Kacper Zuk,R,183.0,POL,23.9,6-3 6-3,3,SF,79.0,5.0,4.0,61.0,37.0,31.0,11.0,9.0,5.0,5.0,3.0,3.0,68.0,41.0,26.0,12.0,9.0,6.0,9.0,19,2000,245.0,220.0
4,2023-9900,United Cup,Hard,18,A,20230102,292,126774,1.0,,Stefanos Tsitsipas,R,193.0,GRE,24.3,126610,5.0,,Matteo Berrettini,R,196.0,ITA,26.7,4-6 7-6(2) 6-4,3,SF,155.0,9.0,1.0,98.0,52.0,43.0,28.0,16.0,1.0,2.0,7.0,2.0,89.0,58.0,48.0,18.0,16.0,1.0,2.0,4,5550,16.0,2375.0
5,2023-9900,United Cup,Hard,18,A,20230102,291,207518,,,Lorenzo Musetti,R,185.0,ITA,20.8,208852,,,Stefanos Sakellaridis,U,,GRE,18.3,6-1 6-1,3,SF,62.0,2.0,1.0,41.0,25.0,18.0,12.0,7.0,1.0,1.0,2.0,1.0,43.0,26.0,15.0,5.0,7.0,4.0,9.0,23,1865,803.0,23.0
6,2023-9900,United Cup,Hard,18,A,20230102,288,126774,1.0,,Stefanos Tsitsipas,R,193.0,GRE,24.3,106432,8.0,,Borna Coric,R,188.0,CRO,26.1,6-0 6-7(4) 7-5,3,RR,151.0,20.0,1.0,94.0,60.0,45.0,20.0,15.0,5.0,6.0,7.0,2.0,88.0,59.0,44.0,10.0,15.0,2.0,7.0,4,5550,26.0,1685.0
7,2023-9900,United Cup,Hard,18,A,20230102,287,127339,,,Borna Gojo,R,196.0,CRO,24.8,208852,,,Stefanos Sakellaridis,U,,GRE,18.3,6-4 6-2,3,RR,89.0,4.0,1.0,50.0,30.0,27.0,11.0,9.0,1.0,1.0,4.0,1.0,78.0,50.0,30.0,12.0,9.0,6.0,9.0,144,381,803.0,23.0
8,2023-9900,United Cup,Hard,18,A,20230102,284,126610,5.0,,Matteo Berrettini,R,196.0,ITA,26.7,128034,2.0,,Hubert Hurkacz,R,196.0,POL,25.8,6-4 3-6 6-3,3,RR,116.0,11.0,1.0,77.0,49.0,37.0,18.0,14.0,2.0,4.0,12.0,1.0,79.0,49.0,36.0,16.0,14.0,1.0,4.0,16,2375,10.0,2905.0
9,2023-9900,United Cup,Hard,18,A,20230102,283,207518,,,Lorenzo Musetti,R,185.0,ITA,20.8,207415,,,Daniel Michalski,U,180.0,POL,22.9,6-1 6-1,3,RR,57.0,8.0,0.0,31.0,18.0,17.0,11.0,7.0,0.0,0.0,1.0,1.0,40.0,28.0,12.0,5.0,7.0,4.0,9.0,23,1865,260.0,204.0
10,2023-9900,United Cup,Hard,18,A,20230102,280,111815,15.0,,Cameron Norrie,L,188.0,GBR,27.3,126203,3.0,,Taylor Fritz,R,193.0,USA,25.1,6-4 5-7 6-4,3,RR,136.0,7.0,0.0,91.0,69.0,53.0,9.0,16.0,5.0,8.0,16.0,2.0,95.0,58.0,39.0,21.0,16.0,4.0,8.0,14,2445,9.0,3355.0
11,2023-9900,United Cup,Hard,18,A,20230102,279,126207,,,Frances Tiafoe,R,188.0,USA,24.9,105554,,,Daniel Evans,R,175.0,GBR,32.6,3-6 7-5 6-3,3,RR,132.0,10.0,1.0,87.0,46.0,32.0,24.0,15.0,7.0,10.0,9.0,3.0,82.0,46.0,35.0,17.0,15.0,5.0,9.0,19,2000,27.0,1585.0
12,2023-9900,United Cup,Hard,18,A,20230102,276,126774,1.0,,Stefanos Tsitsipas,R,193.0,GRE,24.3,105676,12.0,,David Goffin,R,180.0,BEL,32.0,6-3 6-2,3,RR,78.0,12.0,1.0,61.0,39.0,27.0,12.0,9.0,4.0,5.0,2.0,1.0,49.0,33.0,22.0,4.0,8.0,2.0,6.0,4,5550,53.0,870.0
13,2023-9900,United Cup,Hard,18,A,20230102,275,208852,,,Stefanos Sakellaridis,U,,GRE,18.3,200267,,,Zizou Bergs,R,185.0,BEL,23.5,5-7 6-1 6-3,3,RR,133.0,8.0,1.0,86.0,50.0,37.0,21.0,14.0,4.0,5.0,1.0,5.0,86.0,52.0,33.0,16.0,14.0,3.0,7.0,803,23,129.0,435.0
14,2023-9900,United Cup,Hard,18,A,20230102,272,126774,1.0,,Stefanos Tsitsipas,R,193.0,GRE,24.3,105777,16.0,,Grigor Dimitrov,R,188.0,BUL,31.6,4-6 6-2 7-6(4),3,RR,,12.0,1.0,95.0,72.0,56.0,12.0,15.0,8.0,9.0,11.0,2.0,87.0,55.0,44.0,19.0,15.0,6.0,8.0,4,5550,28.0,1460.0
15,2023-9900,United Cup,Hard,18,A,20230102,271,106220,,,Dimitar Kuzmanov,R,183.0,BUL,29.4,133018,,,Michail Pervolarakis,R,193.0,CYP,26.5,6-1 6-1,3,RR,67.0,2.0,2.0,36.0,20.0,18.0,11.0,7.0,1.0,1.0,2.0,5.0,48.0,26.0,14.0,6.0,7.0,3.0,8.0,196,282,506.0,70.0
16,2023-9900,United Cup,Hard,18,A,20230102,268,105777,16.0,,Grigor Dimitrov,R,188.0,BUL,31.6,105676,12.0,,David Goffin,R,180.0,BEL,32.0,6-4 7-5,3,RR,102.0,10.0,7.0,72.0,48.0,38.0,9.0,11.0,6.0,8.0,2.0,2.0,64.0,33.0,22.0,16.0,11.0,3.0,7.0,28,1460,53.0,870.0
17,2023-9900,United Cup,Hard,18,A,20230102,267,106220,,,Dimitar Kuzmanov,R,183.0,BUL,29.4,200267,,,Zizou Bergs,R,185.0,BEL,23.5,6-2 6-0,3,RR,87.0,2.0,0.0,48.0,33.0,21.0,12.0,7.0,3.0,3.0,4.0,4.0,56.0,31.0,13.0,11.0,7.0,2.0,7.0,196,282,129.0,435.0
18,2023-9900,United Cup,Hard,18,A,20230102,264,128034,2.0,,Hubert Hurkacz,R,196.0,POL,25.8,104527,9.0,,Stan Wawrinka,R,183.0,SUI,37.7,7-6(5) 6-4,3,RR,99.0,11.0,0.0,62.0,32.0,25.0,23.0,11.0,1.0,2.0,9.0,3.0,67.0,33.0,26.0,21.0,11.0,1.0,3.0,10,2905,148.0,377.0
19,2023-9900,United Cup,Hard,18,A,20230102,263,144817,,,Marc Andrea Huesler,L,196.0,SUI,26.5,207415,,,Daniel Michalski,U,180.0,POL,22.9,6-3 6-2,3,RR,72.0,3.0,1.0,52.0,31.0,27.0,11.0,9.0,0.0,0.0,0.0,2.0,46.0,34.0,20.0,5.0,8.0,0.0,3.0,56,818,260.0,204.0
20,2023-9900,United Cup,Hard,18,A,20230102,260,128034,2.0,,Hubert Hurkacz,R,196.0,POL,25.8,122330,13.0,,Alexander Bublik,R,196.0,KAZ,25.5,7-6(8) 4-6 6-3,3,RR,129.0,18.0,4.0,94.0,58.0,52.0,20.0,16.0,3.0,4.0,15.0,8.0,104.0,62.0,50.0,23.0,15.0,3.0,4.0,10,2905,37.0,1130.0
21,2023-9900,United Cup,Hard,18,A,20230102,259,207608,,,Timofey Skatov,R,173.0,RUS,21.9,207415,,,Daniel Michalski,U,180.0,POL,22.9,7-6(7) 6-2,3,RR,131.0,3.0,1.0,78.0,55.0,44.0,11.0,10.0,5.0,5.0,2.0,2.0,93.0,62.0,41.0,14.0,10.0,8.0,10.0,142,387,260.0,204.0
22,2023-9900,United Cup,Hard,18,A,20230102,256,104527,9.0,,Stan Wawrinka,R,183.0,SUI,37.7,122330,13.0,,Alexander Bublik,R,196.0,KAZ,25.5,6-3 7-6(3),3,RR,90.0,10.0,0.0,63.0,34.0,29.0,19.0,11.0,0.0,0.0,7.0,2.0,59.0,42.0,33.0,8.0,10.0,3.0,4.0,148,377,37.0,1130.0
23,2023-9900,United Cup,Hard,18,A,20230102,255,144817,,,Marc Andrea Huesler,L,196.0,SUI,26.5,207608,,,Timofey Skatov,R,173.0,RUS,21.9,4-6 6-3 6-3,3,RR,,6.0,1.0,99.0,67.0,48.0,16.0,14.0,6.0,7.0,4.0,2.0,88.0,61.0,41.0,13.0,14.0,4.0,7.0,56,818,142.0,387.0
24,2023-9900,United Cup,Hard,18,A,20230102,252,126203,3.0,,Taylor Fritz,R,193.0,USA,25.1,100644,10.0,,Alexander Zverev,R,198.0,GER,25.7,6-1 6-4,3,RR,64.0,8.0,4.0,45.0,27.0,26.0,11.0,9.0,1.0,1.0,3.0,5.0,60.0,48.0,31.0,3.0,8.0,3.0,6.0,9,3355,12.0,2700.0
25,2023-9900,United Cup,Hard,18,A,20230102,251,126207,,,Frances Tiafoe,R,188.0,USA,24.9,106214,,,Oscar Otte,R,196.0,GER,29.4,7-5 6-4,3,RR,75.0,9.0,3.0,56.0,30.0,29.0,16.0,11.0,0.0,0.0,10.0,0.0,58.0,30.0,23.0,18.0,11.0,0.0,2.0,19,2000,76.0,691.0
26,2023-9900,United Cup,Hard,18,A,20230102,248,126203,3.0,,Taylor Fritz,R,193.0,USA,25.1,208103,14.0,,Jiri Lehecka,R,185.0,CZE,21.1,6-3 6-4,3,RR,,5.0,3.0,68.0,41.0,32.0,14.0,10.0,2.0,2.0,4.0,1.0,48.0,31.0,24.0,8.0,9.0,1.0,3.0,9,3355,81.0,646.0
27,2023-9900,United Cup,Hard,18,A,20230102,247,126207,,,Frances Tiafoe,R,188.0,USA,24.9,207830,,,Tomas Machac,R,183.0,CZE,22.2,6-3 2-4 RET,3,RR,80.0,4.0,1.0,55.0,36.0,24.0,10.0,8.0,2.0,4.0,6.0,5.0,59.0,37.0,27.0,6.0,7.0,3.0,5.0,19,2000,97.0,580.0
28,2023-9900,United Cup,Hard,18,A,20230102,244,208103,14.0,,Jiri Lehecka,R,185.0,CZE,21.1,100644,10.0,,Alexander Zverev,R,198.0,GER,25.7,6-4 6-2,3,RR,92.0,5.0,3.0,67.0,47.0,36.0,8.0,9.0,6.0,7.0,1.0,8.0,56.0,34.0,22.0,8.0,9.0,4.0,8.0,81,646,12.0,2700.0
29,2023-9900,United Cup,Hard,18,A,20230102,243,106214,,,Oscar Otte,R,196.0,GER,29.4,207494,,,Dalibor Svrcina,R,,CZE,20.2,7-6(1) 6-2,3,RR,109.0,7.0,2.0,67.0,35.0,23.0,15.0,10.0,6.0,10.0,0.0,2.0,73.0,46.0,24.0,10.0,10.0,1.0,7.0,76,691,222.0,249.0
30,2023-9900,United Cup,Hard,18,A,20230102,240,200282,7.0,,Alex De Minaur,R,183.0,AUS,23.8,104745,4.0,,Rafael Nadal,L,185.0,ESP,36.5,3-6 6-1 7-5,3,RR,162.0,3.0,6.0,100.0,62.0,39.0,19.0,14.0,8.0,12.0,2.0,4.0,92.0,56.0,34.0,16.0,14.0,7.0,13.0,24,1790,2.0,6020.0
31,2023-9900,United Cup,Hard,18,A,20230102,239,106186,,,Jason Kubler,R,178.0,AUS,29.6,105077,,,Albert Ramos,L,188.0,ESP,34.9,6-3 4-6 6-3,3,RR,129.0,10.0,2.0,78.0,50.0,41.0,14.0,14.0,1.0,3.0,4.0,2.0,82.0,46.0,33.0,19.0,14.0,1.0,5.0,107,538,39.0,1075.0
32,2023-9900,United Cup,Hard,18,A,20230102,236,111815,15.0,,Cameron Norrie,L,188.0,GBR,27.3,104745,4.0,,Rafael Nadal,L,185.0,ESP,36.5,3-6 6-3 6-4,3,RR,164.0,6.0,2.0,88.0,57.0,42.0,18.0,14.0,5.0,6.0,10.0,4.0,95.0,55.0,40.0,21.0,14.0,9.0,11.0,14,2445,2.0,6020.0
33,2023-9900,United Cup,Hard,18,A,20230102,235,105554,,,Daniel Evans,R,175.0,GBR,32.6,105077,,,Albert Ramos,L,188.0,ESP,34.9,6-3 1-6 6-3,3,RR,139.0,5.0,1.0,73.0,41.0,32.0,15.0,13.0,2.0,5.0,3.0,3.0,82.0,49.0,32.0,14.0,12.0,4.0,7.0,27,1585,39.0,1075.0
34,2023-9900,United Cup,Hard,18,A,20230102,232,111815,15.0,,Cameron Norrie,L,188.0,GBR,27.3,200282,7.0,,Alex De Minaur,R,183.0,AUS,23.8,6-3 6-3,3,RR,,4.0,1.0,56.0,30.0,26.0,14.0,9.0,4.0,4.0,3.0,1.0,55.0,28.0,19.0,14.0,9.0,6.0,9.0,14,2445,24.0,1790.0
35,2023-9900,United Cup,Hard,18,A,20230102,231,106186,,,Jason Kubler,R,178.0,AUS,29.6,105554,,,Daniel Evans,R,175.0,GBR,32.6,6-3 7-6(3),3,RR,110.0,11.0,1.0,67.0,42.0,30.0,15.0,11.0,2.0,4.0,3.0,2.0,64.0,36.0,26.0,13.0,10.0,1.0,4.0,107,538,27.0,1585.0
36,2023-9900,United Cup,Hard,18,A,20230102,228,126610,5.0,,Matteo Berrettini,R,196.0,ITA,26.7,106329,11.0,,Thiago Monteiro,L,183.0,BRA,28.5,6-4 7-6(7),3,RR,115.0,15.0,1.0,64.0,43.0,38.0,14.0,11.0,0.0,0.0,4.0,2.0,72.0,43.0,31.0,20.0,11.0,1.0,2.0,16,2375,71.0,738.0
37,2023-9900,United Cup,Hard,18,A,20230102,227,207518,,,Lorenzo Musetti,R,185.0,ITA,20.8,200335,,,Felipe Meligeni Alves,R,185.0,BRA,24.8,6-3 6-4,3,RR,,9.0,1.0,55.0,31.0,22.0,15.0,10.0,1.0,3.0,1.0,2.0,50.0,33.0,19.0,8.0,9.0,0.0,4.0,23,1865,166.0,343.0
38,2023-9900,United Cup,Hard,18,A,20230102,224,126610,5.0,,Matteo Berrettini,R,196.0,ITA,26.7,134770,18.0,,Casper Ruud,R,183.0,NOR,24.0,6-4 6-4,3,RR,86.0,10.0,2.0,60.0,40.0,35.0,9.0,10.0,2.0,2.0,4.0,0.0,52.0,41.0,31.0,4.0,10.0,0.0,2.0,16,2375,3.0,5820.0
39,2023-9900,United Cup,Hard,18,A,20230102,223,207518,,,Lorenzo Musetti,R,185.0,ITA,20.8,126340,,,Viktor Durasovic,R,185.0,NOR,25.7,7-6(7) 6-3,3,RR,108.0,7.0,1.0,69.0,42.0,35.0,16.0,11.0,1.0,2.0,6.0,3.0,81.0,45.0,28.0,19.0,10.0,8.0,10.0,23,1865,343.0,143.0
40,2023-9900,United Cup,Hard,18,A,20230102,220,134770,18.0,,Casper Ruud,R,183.0,NOR,24.0,106329,11.0,,Thiago Monteiro,L,183.0,BRA,28.5,6-3 6-2,3,RR,71.0,8.0,1.0,49.0,36.0,24.0,8.0,9.0,2.0,4.0,2.0,5.0,41.0,27.0,16.0,3.0,8.0,1.0,6.0,3,5820,71.0,738.0
41,2023-9900,United Cup,Hard,18,A,20230102,219,200335,,,Felipe Meligeni Alves,R,185.0,BRA,24.8,126340,,,Viktor Durasovic,R,185.0,NOR,25.7,6-3 6-3,3,RR,87.0,5.0,0.0,59.0,41.0,31.0,11.0,9.0,1.0,1.0,11.0,5.0,73.0,41.0,28.0,11.0,9.0,3.0,6.0,166,343,343.0,143.0
42,2023-9900,United Cup,Hard,18,A,20230102,216,106432,8.0,,Borna Coric,R,188.0,CRO,26.1,126239,6.0,,Arthur Rinderknech,R,196.0,FRA,27.4,7-6(1) 7-6(2),3,RR,113.0,10.0,1.0,65.0,43.0,40.0,15.0,12.0,1.0,2.0,8.0,3.0,81.0,51.0,36.0,17.0,12.0,2.0,3.0,26,1685,44.0,952.0
43,2023-9900,United Cup,Hard,18,A,20230102,215,127339,,,Borna Gojo,R,196.0,CRO,24.8,105173,,,Adrian Mannarino,L,183.0,FRA,34.5,7-6(5) 3-6 7-6(5),3,RR,170.0,14.0,4.0,110.0,72.0,57.0,17.0,16.0,1.0,4.0,9.0,1.0,104.0,63.0,51.0,21.0,17.0,3.0,5.0,144,381,46.0,946.0
44,2023-9900,United Cup,Hard,18,A,20230102,212,126239,6.0,,Arthur Rinderknech,R,196.0,FRA,27.4,202103,17.0,,Francisco Cerundolo,R,185.0,ARG,24.3,6-4 6-2,3,RR,,2.0,1.0,64.0,43.0,30.0,11.0,9.0,0.0,0.0,1.0,3.0,57.0,37.0,22.0,10.0,9.0,4.0,7.0,44,952,30.0,1395.0
45,2023-9900,United Cup,Hard,18,A,20230102,211,105173,,,Adrian Mannarino,L,183.0,FRA,34.5,105948,,,Federico Coria,R,180.0,ARG,30.8,6-1 6-0,3,RR,62.0,6.0,0.0,44.0,30.0,23.0,7.0,7.0,2.0,3.0,2.0,2.0,56.0,37.0,16.0,5.0,6.0,4.0,10.0,46,946,75.0,695.0
46,2023-9900,United Cup,Hard,18,A,20230102,208,106432,8.0,,Borna Coric,R,188.0,CRO,26.1,202103,17.0,,Francisco Cerundolo,R,185.0,ARG,24.3,7-5 6-4,3,RR,128.0,4.0,2.0,81.0,51.0,37.0,12.0,11.0,8.0,10.0,2.0,1.0,70.0,50.0,31.0,8.0,11.0,5.0,9.0,26,1685,30.0,1395.0
47,2023-9900,United Cup,Hard,18,A,20230102,207,127339,,,Borna Gojo,R,196.0,CRO,24.8,105948,,,Federico Coria,R,180.0,ARG,30.8,7-6(5) 6-4,3,RR,97.0,6.0,3.0,66.0,47.0,37.0,10.0,11.0,0.0,0.0,0.0,0.0,81.0,50.0,37.0,15.0,11.0,3.0,4.0,144,381,75.0,695.0
48,2023-2843,Adelaide 1,Hard,32,A,20230102,300,104925,1.0,,Novak Djokovic,R,188.0,SRB,35.6,200624,,,Sebastian Korda,R,196.0,USA,22.4,6-7(8) 7-6(3) 6-4,3,F,189.0,7.0,4.0,99.0,62.0,53.0,25.0,17.0,1.0,2.0,15.0,4.0,129.0,76.0,59.0,27.0,17.0,5.0,7.0,5,4820,33.0,1175.0
49,2023-2843,Adelaide 1,Hard,32,A,20230102,299,104925,1.0,,Novak Djokovic,R,188.0,SRB,35.6,106421,3.0,,Daniil Medvedev,R,198.0,RUS,26.8,6-3 6-4,3,SF,90.0,5.0,3.0,61.0,35.0,31.0,14.0,10.0,3.0,3.0,5.0,2.0,48.0,31.0,23.0,9.0,9.0,1.0,3.0,5,4820,7.0,4065.0
50,2023-2843,Adelaide 1,Hard,32,A,20230102,298,200624,,,Sebastian Korda,R,196.0,USA,22.4,106415,,,Yoshihito Nishioka,L,170.0,JPN,27.2,7-6(5) 1-0 RET,3,SF,74.0,9.0,0.0,40.0,23.0,21.0,10.0,6.0,0.0,0.0,0.0,0.0,54.0,40.0,29.0,6.0,7.0,3.0,4.0,33,1175,36.0,1134.0
51,2023-2843,Adelaide 1,Hard,32,A,20230102,297,104925,1.0,,Novak Djokovic,R,188.0,SRB,35.6,133430,7.0,,Denis Shapovalov,L,185.0,CAN,23.7,6-3 6-4,3,QF,115.0,4.0,3.0,70.0,40.0,31.0,16.0,10.0,3.0,4.0,6.0,7.0,72.0,38.0,25.0,14.0,9.0,5.0,8.0,5,4820,18.0,2075.0
52,2023-2843,Adelaide 1,Hard,32,A,20230102,296,106421,3.0,,Daniil Medvedev,R,198.0,RUS,26.8,111575,8.0,,Karen Khachanov,R,198.0,RUS,26.6,6-3 6-3,3,QF,77.0,6.0,5.0,51.0,33.0,29.0,7.0,9.0,2.0,3.0,1.0,2.0,60.0,42.0,25.0,6.0,9.0,3.0,7.0,7,4065,20.0,1990.0
53,2023-2843,Adelaide 1,Hard,32,A,20230102,295,200624,,,Sebastian Korda,R,196.0,USA,22.4,206173,6.0,,Jannik Sinner,R,188.0,ITA,21.3,7-5 6-1,3,QF,86.0,5.0,1.0,52.0,30.0,25.0,12.0,9.0,3.0,4.0,8.0,3.0,53.0,34.0,23.0,6.0,10.0,4.0,9.0,33,1175,15.0,2410.0
54,2023-2843,Adelaide 1,Hard,32,A,20230102,294,106415,,,Yoshihito Nishioka,L,170.0,JPN,27.2,200615,,Q,Alexei Popyrin,R,196.0,AUS,23.4,7-6(4) 6-7(8) 6-2,3,QF,166.0,2.0,1.0,106.0,75.0,57.0,19.0,16.0,2.0,4.0,27.0,4.0,103.0,68.0,56.0,12.0,16.0,6.0,10.0,36,1134,120.0,469.0
55,2023-2843,Adelaide 1,Hard,32,A,20230102,293,104925,1.0,,Novak Djokovic,R,188.0,SRB,35.6,111460,,,Quentin Halys,R,191.0,FRA,26.1,7-6(3) 7-6(5),3,R16,115.0,10.0,4.0,76.0,50.0,44.0,14.0,12.0,0.0,1.0,11.0,2.0,82.0,48.0,39.0,16.0,12.0,4.0,5.0,5,4820,64.0,767.0
56,2023-2843,Adelaide 1,Hard,32,A,20230102,292,133430,7.0,,Denis Shapovalov,L,185.0,CAN,23.7,126128,,Q,Roman Safiullin,R,185.0,RUS,25.4,6-4 6-3,3,R16,81.0,7.0,2.0,44.0,25.0,21.0,13.0,9.0,0.0,1.0,3.0,3.0,70.0,45.0,29.0,11.0,10.0,7.0,11.0,18,2075,88.0,606.0
57,2023-2843,Adelaide 1,Hard,32,A,20230102,291,106421,3.0,,Daniil Medvedev,R,198.0,RUS,26.8,200175,,,Miomir Kecmanovic,R,183.0,SRB,23.3,6-0 6-3,3,R16,67.0,7.0,3.0,51.0,38.0,29.0,7.0,8.0,1.0,1.0,0.0,0.0,42.0,31.0,13.0,6.0,7.0,3.0,7.0,7,4065,29.0,1420.0
58,2023-2843,Adelaide 1,Hard,32,A,20230102,290,111575,8.0,,Karen Khachanov,R,198.0,RUS,26.6,207733,,,Jack Draper,L,191.0,GBR,21.0,6-4 6-2,3,R16,91.0,7.0,1.0,53.0,39.0,32.0,9.0,9.0,1.0,1.0,6.0,3.0,67.0,36.0,20.0,17.0,9.0,6.0,9.0,20,1990,42.0,990.0
59,2023-2843,Adelaide 1,Hard,32,A,20230102,289,206173,6.0,,Jannik Sinner,R,188.0,ITA,21.3,106423,,WC,Thanasi Kokkinakis,R,196.0,AUS,26.7,7-6(2) 6-4,3,R16,122.0,5.0,2.0,78.0,58.0,40.0,12.0,11.0,6.0,7.0,9.0,3.0,72.0,45.0,33.0,13.0,11.0,1.0,3.0,15,2410,93.0,592.0
60,2023-2843,Adelaide 1,Hard,32,A,20230102,288,200624,,,Sebastian Korda,R,196.0,USA,22.4,105138,,,Roberto Bautista Agut,R,183.0,ESP,34.7,6-4 6-4,3,R16,73.0,12.0,0.0,57.0,41.0,33.0,10.0,10.0,2.0,2.0,5.0,3.0,47.0,26.0,20.0,12.0,10.0,0.0,2.0,33,1175,21.0,1940.0
61,2023-2843,Adelaide 1,Hard,32,A,20230102,287,106415,,,Yoshihito Nishioka,L,170.0,JPN,27.2,111456,,,Mackenzie Mcdonald,R,178.0,USA,27.7,6-4 6-3,3,R16,95.0,0.0,2.0,72.0,49.0,29.0,17.0,9.0,4.0,4.0,3.0,2.0,57.0,36.0,26.0,8.0,10.0,1.0,4.0,36,1134,63.0,775.0
62,2023-2843,Adelaide 1,Hard,32,A,20230102,286,200615,,Q,Alexei Popyrin,R,196.0,AUS,23.4,106218,,,Marcos Giron,R,180.0,USA,29.4,4-6 6-4 6-3,3,R16,112.0,16.0,1.0,83.0,58.0,49.0,13.0,15.0,2.0,3.0,4.0,0.0,79.0,61.0,43.0,11.0,14.0,1.0,3.0,120,469,61.0,776.0
63,2023-2843,Adelaide 1,Hard,32,A,20230102,285,104925,1.0,,Novak Djokovic,R,188.0,SRB,35.6,106005,,,Constant Lestienne,R,180.0,FRA,30.6,6-3 6-2,3,R32,74.0,4.0,2.0,47.0,29.0,25.0,13.0,9.0,1.0,1.0,3.0,1.0,56.0,39.0,22.0,10.0,8.0,5.0,8.0,5,4820,65.0,760.0
64,2023-2843,Adelaide 1,Hard,32,A,20230102,284,111460,,,Quentin Halys,R,191.0,FRA,26.1,111442,,WC,Jordan Thompson,R,183.0,AUS,28.7,6-3 6-4,3,R32,76.0,14.0,2.0,47.0,30.0,27.0,13.0,10.0,0.0,0.0,5.0,4.0,65.0,38.0,26.0,12.0,9.0,3.0,5.0,64,767,84.0,626.0
65,2023-2843,Adelaide 1,Hard,32,A,20230102,283,126128,,Q,Roman Safiullin,R,185.0,RUS,25.4,144707,,,Mikael Ymer,R,183.0,SWE,24.3,6-4 6-2,3,R32,94.0,4.0,3.0,65.0,40.0,31.0,13.0,9.0,5.0,5.0,2.0,3.0,61.0,36.0,20.0,13.0,9.0,5.0,8.0,88,606,69.0,739.0
66,2023-2843,Adelaide 1,Hard,32,A,20230102,282,133430,7.0,,Denis Shapovalov,L,185.0,CAN,23.7,208014,,Q,Rinky Hijikata,U,,AUS,21.8,2-6 6-4 6-3,3,R32,120.0,7.0,9.0,77.0,42.0,30.0,18.0,13.0,5.0,8.0,2.0,5.0,93.0,58.0,43.0,12.0,14.0,8.0,12.0,18,2075,164.0,344.0
67,2023-2843,Adelaide 1,Hard,32,A,20230102,281,106421,3.0,,Daniil Medvedev,R,198.0,RUS,26.8,132283,,,Lorenzo Sonego,R,191.0,ITA,27.6,7-6(6) 2-1 RET,3,R32,102.0,5.0,2.0,70.0,45.0,30.0,15.0,8.0,9.0,10.0,1.0,1.0,57.0,32.0,25.0,11.0,7.0,3.0,4.0,7,4065,45.0,950.0
68,2023-2843,Adelaide 1,Hard,32,A,20230102,280,200175,,,Miomir Kecmanovic,R,183.0,SRB,23.3,106331,,WC,Christopher Oconnell,R,183.0,AUS,28.5,6-4 6-4,3,R32,94.0,4.0,4.0,74.0,42.0,24.0,23.0,10.0,5.0,6.0,9.0,2.0,55.0,31.0,23.0,9.0,10.0,2.0,5.0,29,1420,78.0,652.0
69,2023-2843,Adelaide 1,Hard,32,A,20230102,279,207733,,,Jack Draper,L,191.0,GBR,21.0,126952,,Q,Soon Woo Kwon,R,180.0,KOR,25.0,6-2 6-1,3,R32,68.0,8.0,2.0,35.0,18.0,16.0,13.0,7.0,3.0,3.0,2.0,3.0,52.0,24.0,12.0,10.0,8.0,7.0,12.0,42,990,83.0,630.0
70,2023-2843,Adelaide 1,Hard,32,A,20230102,278,111575,8.0,,Karen Khachanov,R,198.0,RUS,26.6,106398,,,Pedro Cachin,R,185.0,ARG,27.7,6-2 6-4,3,R32,85.0,6.0,3.0,61.0,34.0,30.0,12.0,9.0,6.0,7.0,3.0,2.0,57.0,40.0,24.0,6.0,9.0,8.0,12.0,20,1990,57.0,813.0
71,2023-2843,Adelaide 1,Hard,32,A,20230102,277,206173,6.0,,Jannik Sinner,R,188.0,ITA,21.3,106378,,PR,Kyle Edmund,R,188.0,GBR,27.9,6-3 6-2,3,R32,65.0,5.0,1.0,41.0,25.0,23.0,13.0,9.0,0.0,0.0,1.0,2.0,48.0,21.0,15.0,11.0,8.0,1.0,4.0,15,2410,582.0,52.0
72,2023-2843,Adelaide 1,Hard,32,A,20230102,276,106423,,WC,Thanasi Kokkinakis,R,196.0,AUS,26.7,202195,,,Maxime Cressy,R,198.0,USA,25.6,7-6(4) 7-6(7),3,R32,131.0,21.0,0.0,72.0,52.0,45.0,13.0,12.0,3.0,4.0,20.0,8.0,82.0,50.0,38.0,19.0,12.0,5.0,6.0,93,592,34.0,1163.0
73,2023-2843,Adelaide 1,Hard,32,A,20230102,275,200624,,,Sebastian Korda,R,196.0,USA,22.4,104918,,,Andy Murray,R,190.0,GBR,35.6,7-6(3) 6-3,3,R32,116.0,12.0,1.0,64.0,39.0,34.0,14.0,11.0,4.0,5.0,3.0,2.0,69.0,36.0,27.0,14.0,10.0,3.0,5.0,33,1175,49.0,920.0
74,2023-2843,Adelaide 1,Hard,32,A,20230102,274,105138,,,Roberto Bautista Agut,R,183.0,ESP,34.7,126094,4.0,,Andrey Rublev,R,188.0,RUS,25.2,4-6 6-3 6-4,3,R32,109.0,8.0,1.0,79.0,54.0,40.0,17.0,15.0,2.0,4.0,15.0,6.0,81.0,52.0,40.0,11.0,14.0,2.0,5.0,21,1940,8.0,3930.0
75,2023-2843,Adelaide 1,Hard,32,A,20230102,273,106415,,,Yoshihito Nishioka,L,170.0,JPN,27.2,208029,5.0,,Holger Rune,R,185.0,DEN,19.6,2-6 6-4 6-4,3,R32,125.0,0.0,8.0,86.0,54.0,36.0,16.0,14.0,5.0,9.0,14.0,8.0,95.0,57.0,40.0,16.0,14.0,7.0,11.0,36,1134,11.0,2888.0
76,2023-2843,Adelaide 1,Hard,32,A,20230102,272,111456,,,Mackenzie Mcdonald,R,178.0,USA,27.7,123755,,,Daniel Elahi Galan,R,191.0,COL,26.5,6-3 0-0 RET,3,R32,40.0,4.0,1.0,20.0,14.0,14.0,2.0,4.0,0.0,0.0,2.0,1.0,39.0,25.0,16.0,6.0,5.0,0.0,2.0,63,775,67.0,741.0
77,2023-2843,Adelaide 1,Hard,32,A,20230102,271,106218,,,Marcos Giron,R,180.0,USA,29.4,104755,,,Richard Gasquet,R,185.0,FRA,36.5,7-6(5) 6-7(6) 7-5,3,R32,177.0,13.0,2.0,110.0,76.0,59.0,23.0,18.0,2.0,3.0,10.0,4.0,139.0,74.0,51.0,38.0,18.0,10.0,12.0,61,776,68.0,740.0
78,2023-2843,Adelaide 1,Hard,32,A,20230102,270,200615,,Q,Alexei Popyrin,R,196.0,AUS,23.4,200000,2.0,,Felix Auger Aliassime,R,193.0,CAN,22.4,6-4 7-6(5),3,R32,114.0,11.0,2.0,67.0,45.0,35.0,13.0,11.0,1.0,2.0,7.0,2.0,66.0,45.0,33.0,11.0,11.0,2.0,4.0,120,469,6.0,4195.0
79,2023-0891,Pune,Hard,32,A,20230102,300,134868,,,Tallon Griekspoor,R,188.0,NED,26.5,126127,,,Benjamin Bonzi,R,185.0,FRA,26.5,4-6 7-5 6-3,3,F,136.0,17.0,4.0,86.0,61.0,48.0,13.0,15.0,3.0,4.0,11.0,4.0,102.0,66.0,47.0,18.0,16.0,4.0,7.0,95,584,60.0,781.0
80,2023-0891,Pune,Hard,32,A,20230102,299,134868,,,Tallon Griekspoor,R,188.0,NED,26.5,106234,8.0,,Aslan Karatsev,R,185.0,RUS,29.3,7-6(4) 6-1,3,SF,81.0,11.0,2.0,53.0,36.0,32.0,13.0,10.0,0.0,0.0,3.0,5.0,59.0,31.0,22.0,14.0,9.0,3.0,5.0,95,584,59.0,795.0
81,2023-0891,Pune,Hard,32,A,20230102,298,126127,,,Benjamin Bonzi,R,185.0,FRA,26.5,122298,2.0,,Botic Van De Zandschulp,R,188.0,NED,27.2,7-6(5) 6-7(5) 6-1,3,SF,149.0,10.0,3.0,101.0,71.0,54.0,16.0,16.0,0.0,2.0,9.0,3.0,106.0,69.0,49.0,17.0,15.0,7.0,11.0,60,781,35.0,1160.0
82,2023-0891,Pune,Hard,32,A,20230102,297,134868,,,Tallon Griekspoor,R,188.0,NED,26.5,105227,1.0,,Marin Cilic,R,198.0,CRO,34.2,W/O,3,QF,0.0,,,,,,,,,,,,,,,,,,,95,584,17.0,2105.0
83,2023-0891,Pune,Hard,32,A,20230102,296,106234,8.0,,Aslan Karatsev,R,185.0,RUS,29.3,124079,,,Pedro Martinez,R,185.0,ESP,25.6,6-1 6-2,3,QF,73.0,13.0,3.0,58.0,40.0,33.0,6.0,8.0,5.0,5.0,1.0,3.0,44.0,26.0,15.0,6.0,7.0,4.0,8.0,59,795,62.0,776.0
84,2023-0891,Pune,Hard,32,A,20230102,295,126127,,,Benjamin Bonzi,R,185.0,FRA,26.5,105936,6.0,,Filip Krajinovic,R,185.0,SRB,30.8,7-6(5) 6-4,3,QF,125.0,7.0,0.0,77.0,46.0,30.0,15.0,11.0,2.0,5.0,6.0,3.0,90.0,50.0,29.0,20.0,11.0,10.0,14.0,60,781,54.0,845.0
85,2023-0891,Pune,Hard,32,A,20230102,294,122298,2.0,,Botic Van De Zandschulp,R,188.0,NED,27.2,109739,,Q,Maximilian Marterer,L,191.0,GER,27.5,6-4 6-2,3,QF,67.0,3.0,1.0,44.0,34.0,29.0,7.0,9.0,0.0,0.0,1.0,1.0,51.0,37.0,22.0,7.0,9.0,2.0,5.0,35,1160,159.0,354.0
86,2023-0891,Pune,Hard,32,A,20230102,293,105227,1.0,,Marin Cilic,R,198.0,CRO,34.2,106148,,,Roberto Carballes Baena,R,183.0,ESP,29.7,6-3 3-6 6-1,3,R16,122.0,16.0,3.0,76.0,54.0,45.0,9.0,13.0,2.0,3.0,3.0,3.0,74.0,40.0,26.0,18.0,12.0,4.0,7.0,17,2105,74.0,695.0
87,2023-0891,Pune,Hard,32,A,20230102,292,134868,,,Tallon Griekspoor,R,188.0,NED,26.5,106065,,,Marco Cecchinato,R,185.0,ITA,30.2,6-4 6-4,3,R16,75.0,7.0,2.0,54.0,35.0,29.0,14.0,10.0,0.0,0.0,3.0,3.0,58.0,36.0,25.0,12.0,10.0,3.0,5.0,95,584,101.0,562.0
88,2023-0891,Pune,Hard,32,A,20230102,291,124079,,,Pedro Martinez,R,185.0,ESP,25.6,202104,4.0,,Sebastian Baez,R,170.0,ARG,22.0,3-6 6-1 6-3,3,R16,132.0,0.0,3.0,77.0,54.0,42.0,10.0,12.0,6.0,7.0,5.0,1.0,85.0,66.0,43.0,6.0,13.0,6.0,10.0,62,776,43.0,987.0
89,2023-0891,Pune,Hard,32,A,20230102,290,106234,8.0,,Aslan Karatsev,R,185.0,RUS,29.3,126646,,,Tim Van Rijthoven,R,188.0,NED,25.6,7-6(7) 7-6(8),3,R16,129.0,9.0,6.0,88.0,57.0,47.0,16.0,12.0,1.0,2.0,10.0,6.0,91.0,55.0,44.0,19.0,12.0,7.0,8.0,59,795,111.0,516.0
90,2023-0891,Pune,Hard,32,A,20230102,289,105936,6.0,,Filip Krajinovic,R,185.0,SRB,30.8,111581,,,Michael Mmoh,R,188.0,USA,24.9,2-6 6-3 6-4,3,R16,130.0,9.0,0.0,93.0,67.0,47.0,12.0,14.0,5.0,8.0,4.0,1.0,72.0,42.0,29.0,19.0,13.0,0.0,3.0,54,845,113.0,507.0
91,2023-0891,Pune,Hard,32,A,20230102,288,126127,,,Benjamin Bonzi,R,185.0,FRA,26.5,200325,3.0,,Emil Ruusuvuori,R,188.0,FIN,23.7,6-1 7-6(4),3,R16,80.0,5.0,2.0,65.0,47.0,38.0,9.0,10.0,1.0,1.0,5.0,2.0,50.0,36.0,27.0,7.0,9.0,0.0,2.0,60,781,40.0,1011.0
92,2023-0891,Pune,Hard,32,A,20230102,287,109739,,Q,Maximilian Marterer,L,191.0,GER,27.5,111513,,,Laslo Djere,R,188.0,SRB,27.5,7-6(5) 6-2,3,R16,91.0,11.0,2.0,63.0,45.0,34.0,14.0,10.0,0.0,0.0,6.0,3.0,66.0,40.0,30.0,13.0,10.0,7.0,9.0,159,354,70.0,738.0
93,2023-0891,Pune,Hard,32,A,20230102,286,122298,2.0,,Botic Van De Zandschulp,R,188.0,NED,27.2,207925,,Q,Flavio Cobolli,U,,ITA,20.6,7-5 6-4,3,R16,93.0,2.0,3.0,64.0,41.0,30.0,13.0,11.0,4.0,6.0,5.0,0.0,59.0,38.0,24.0,9.0,11.0,0.0,4.0,35,1160,171.0,335.0
94,2023-0891,Pune,Hard,32,A,20230102,284,106148,,,Roberto Carballes Baena,R,183.0,ESP,29.7,126523,,,Bernabe Zapata Miralles,R,185.0,ESP,25.9,6-1 7-5,3,R32,100.0,0.0,1.0,60.0,41.0,28.0,10.0,9.0,3.0,4.0,4.0,5.0,79.0,51.0,31.0,10.0,10.0,4.0,9.0,74,695,72.0,712.0
95,2023-0891,Pune,Hard,32,A,20230102,283,106065,,,Marco Cecchinato,R,185.0,ITA,30.2,105932,,,Nikoloz Basilashvili,R,185.0,GEO,30.8,6-2 6-2,3,R32,55.0,3.0,0.0,43.0,22.0,18.0,16.0,8.0,1.0,1.0,2.0,1.0,47.0,25.0,13.0,11.0,8.0,2.0,6.0,101,562,91.0,595.0
96,2023-0891,Pune,Hard,32,A,20230102,282,134868,,,Tallon Griekspoor,R,188.0,NED,26.5,144719,7.0,,Jaume Munar,R,183.0,ESP,25.6,6-4 7-5,3,R32,94.0,10.0,6.0,63.0,43.0,36.0,9.0,11.0,1.0,2.0,2.0,1.0,60.0,46.0,30.0,9.0,11.0,2.0,5.0,95,584,58.0,802.0
97,2023-0891,Pune,Hard,32,A,20230102,280,124079,,,Pedro Martinez,R,185.0,ESP,25.6,106368,,Q,Ramkumar Ramanathan,R,188.0,IND,28.1,3-6 7-5 6-3,3,R32,148.0,2.0,5.0,103.0,70.0,49.0,16.0,15.0,8.0,11.0,11.0,6.0,92.0,42.0,33.0,23.0,15.0,3.0,7.0,62,776,435.0,98.0
98,2023-0891,Pune,Hard,32,A,20230102,279,126646,,,Tim Van Rijthoven,R,188.0,NED,25.6,105430,,,Radu Albot,R,175.0,MDA,33.1,6-4 6-4,3,R32,86.0,14.0,0.0,58.0,38.0,29.0,14.0,10.0,2.0,2.0,2.0,4.0,60.0,37.0,28.0,10.0,10.0,1.0,3.0,111,516,103.0,559.0
99,2023-0891,Pune,Hard,32,A,20230102,278,106234,8.0,,Aslan Karatsev,R,185.0,RUS,29.3,104665,,,Pablo Andujar,R,180.0,ESP,36.9,6-1 6-3,3,R32,63.0,5.0,1.0,40.0,26.0,23.0,9.0,8.0,0.0,0.0,1.0,2.0,47.0,34.0,17.0,4.0,8.0,3.0,7.0,59,795,121.0,467.0
100,2023-0891,Pune,Hard,32,A,20230102,277,105936,6.0,,Filip Krajinovic,R,185.0,SRB,30.8,111576,,WC,Sumit Nagal,R,178.0,IND,25.3,6-4 4-6 6-4,3,R32,144.0,8.0,1.0,89.0,58.0,47.0,17.0,15.0,2.0,3.0,3.0,2.0,96.0,70.0,48.0,15.0,15.0,5.0,7.0,54,845,503.0,70.0
101,2023-0891,Pune,Hard,32,A,20230102,276,111581,,,Michael Mmoh,R,188.0,USA,24.9,211768,,WC,Manas Dhamne,U,,IND,,6-2 6-4,3,R32,88.0,3.0,1.0,49.0,29.0,22.0,12.0,9.0,2.0,3.0,0.0,0.0,59.0,37.0,21.0,10.0,9.0,6.0,10.0,113,507,,
102,2023-0891,Pune,Hard,32,A,20230102,275,126127,,,Benjamin Bonzi,R,185.0,FRA,26.5,202358,,,Chun Hsin Tseng,R,175.0,TPE,21.4,6-0 6-3,3,R32,61.0,2.0,0.0,39.0,21.0,18.0,14.0,8.0,0.0,0.0,2.0,1.0,45.0,31.0,16.0,4.0,7.0,1.0,5.0,60,781,115.0,490.0
103,2023-0891,Pune,Hard,32,A,20230102,273,111513,,,Laslo Djere,R,188.0,SRB,27.5,144684,5.0,,Alex Molcan,L,178.0,SVK,25.0,6-2 6-4,3,R32,64.0,12.0,0.0,41.0,26.0,23.0,13.0,9.0,0.0,0.0,2.0,2.0,55.0,33.0,21.0,11.0,9.0,2.0,5.0,70,738,50.0,895.0
104,2023-0891,Pune,Hard,32,A,20230102,272,109739,,Q,Maximilian Marterer,L,191.0,GER,27.5,111200,,Q,Elias Ymer,R,183.0,SWE,26.7,6-2 3-6 6-3,3,R32,112.0,12.0,1.0,65.0,41.0,33.0,13.0,13.0,0.0,2.0,5.0,2.0,84.0,47.0,30.0,19.0,13.0,2.0,6.0,159,354,127.0,444.0
105,2023-0891,Pune,Hard,32,A,20230102,271,207925,,Q,Flavio Cobolli,U,,ITA,20.6,124154,,WC,Sasi Kumar Mukund,R,185.0,IND,25.9,6-4 7-5,3,R32,98.0,6.0,2.0,65.0,36.0,29.0,12.0,11.0,6.0,9.0,1.0,1.0,67.0,44.0,27.0,7.0,11.0,5.0,10.0,171,335,340.0,146.0
106,2023-0301,Auckland,Hard,32,A,20230109,300,104755,,,Richard Gasquet,R,185.0,FRA,36.5,111815,2.0,,Cameron Norrie,L,188.0,GBR,27.3,4-6 6-4 6-4,3,F,147.0,3.0,2.0,88.0,44.0,36.0,21.0,15.0,6.0,9.0,8.0,2.0,86.0,52.0,36.0,17.0,15.0,4.0,8.0,67,740,12.0,2575.0
107,2023-0301,Auckland,Hard,32,A,20230109,299,104755,,,Richard Gasquet,R,185.0,FRA,36.5,106005,,,Constant Lestienne,R,180.0,FRA,30.6,W/O,3,SF,0.0,,,,,,,,,,,,,,,,,,,67,740,65.0,760.0
108,2023-0301,Auckland,Hard,32,A,20230109,298,111815,2.0,,Cameron Norrie,L,188.0,GBR,27.3,202385,,,Jenson Brooksby,R,188.0,USA,22.2,6-3 6-4,3,SF,98.0,3.0,0.0,48.0,31.0,27.0,11.0,10.0,3.0,4.0,4.0,0.0,73.0,43.0,26.0,14.0,9.0,6.0,9.0,12,2575,48.0,920.0
109,2023-0301,Auckland,Hard,32,A,20230109,297,106005,,,Constant Lestienne,R,180.0,FRA,30.6,111513,,,Laslo Djere,R,188.0,SRB,27.6,2-6 7-6(2) 7-5,3,QF,166.0,5.0,1.0,118.0,77.0,54.0,19.0,16.0,14.0,18.0,8.0,3.0,109.0,61.0,47.0,21.0,16.0,2.0,5.0,65,760,70.0,713.0
110,2023-0301,Auckland,Hard,32,A,20230109,296,104755,,,Richard Gasquet,R,185.0,FRA,36.5,105676,,,David Goffin,R,180.0,BEL,32.0,1-6 6-1 6-1,3,QF,94.0,6.0,3.0,61.0,37.0,26.0,10.0,11.0,0.0,4.0,8.0,2.0,64.0,37.0,20.0,9.0,10.0,7.0,13.0,67,740,53.0,870.0
111,2023-0301,Auckland,Hard,32,A,20230109,295,202385,,,Jenson Brooksby,R,188.0,USA,22.2,111460,,,Quentin Halys,R,191.0,FRA,26.2,7-6(3) 7-6(2),3,QF,114.0,2.0,2.0,82.0,49.0,37.0,18.0,12.0,3.0,5.0,13.0,3.0,75.0,43.0,33.0,16.0,12.0,1.0,3.0,48,920,64.0,771.0
112,2023-0301,Auckland,Hard,32,A,20230109,294,111815,2.0,,Cameron Norrie,L,188.0,GBR,27.3,106218,,,Marcos Giron,R,180.0,USA,29.4,6-1 6-7(5) 6-2,3,QF,123.0,5.0,4.0,88.0,64.0,45.0,12.0,13.0,5.0,6.0,6.0,0.0,80.0,53.0,29.0,14.0,14.0,1.0,7.0,12,2575,60.0,796.0
113,2023-0301,Auckland,Hard,32,A,20230109,293,111513,,,Laslo Djere,R,188.0,SRB,27.6,134770,1.0,,Casper Ruud,R,183.0,NOR,24.0,3-6 6-3 7-6(3),3,R16,127.0,18.0,1.0,98.0,67.0,49.0,21.0,15.0,6.0,7.0,10.0,4.0,91.0,62.0,49.0,16.0,15.0,3.0,4.0,70,713,3.0,5720.0
114,2023-0301,Auckland,Hard,32,A,20230109,292,106005,,,Constant Lestienne,R,180.0,FRA,30.6,106296,,Q,Gregoire Barrere,R,183.0,FRA,28.8,1-6 7-6(4) 7-5,3,R16,123.0,4.0,6.0,91.0,59.0,43.0,10.0,15.0,2.0,7.0,7.0,0.0,92.0,64.0,42.0,17.0,16.0,4.0,8.0,65,760,88.0,603.0
115,2023-0301,Auckland,Hard,32,A,20230109,291,104755,,,Richard Gasquet,R,185.0,FRA,36.5,105311,,LL,Joao Sousa,R,185.0,POR,33.7,7-6(2) 6-2,3,R16,97.0,7.0,1.0,60.0,35.0,29.0,16.0,10.0,2.0,2.0,1.0,4.0,65.0,42.0,29.0,10.0,10.0,3.0,5.0,67,740,82.0,638.0
116,2023-0301,Auckland,Hard,32,A,20230109,290,105676,,,David Goffin,R,180.0,BEL,32.0,111153,,Q,Christopher Eubanks,R,201.0,USA,26.6,6-2 6-4,3,R16,80.0,7.0,1.0,59.0,43.0,35.0,6.0,9.0,6.0,6.0,12.0,3.0,63.0,45.0,31.0,5.0,9.0,6.0,9.0,53,870,123.0,462.0
117,2023-0301,Auckland,Hard,32,A,20230109,289,111460,,,Quentin Halys,R,191.0,FRA,26.2,210097,,WC,Ben Shelton,L,,USA,20.2,6-3 6-2,3,R16,67.0,10.0,2.0,42.0,32.0,30.0,6.0,9.0,0.0,0.0,8.0,7.0,54.0,35.0,23.0,8.0,8.0,4.0,7.0,64,771,92.0,584.0
118,2023-0301,Auckland,Hard,32,A,20230109,288,202385,,,Jenson Brooksby,R,188.0,USA,22.2,106043,3.0,,Diego Schwartzman,R,170.0,ARG,30.3,6-1 0-0 RET,3,R16,48.0,0.0,0.0,26.0,15.0,11.0,7.0,4.0,0.0,0.0,0.0,1.0,22.0,17.0,8.0,2.0,3.0,2.0,4.0,48,920,25.0,1550.0
119,2023-0301,Auckland,Hard,32,A,20230109,287,106218,,,Marcos Giron,R,180.0,USA,29.4,200670,,,J J Wolf,R,183.0,USA,24.0,6-4 6-4,3,R16,94.0,3.0,1.0,52.0,37.0,31.0,11.0,10.0,2.0,2.0,7.0,1.0,76.0,47.0,30.0,16.0,10.0,7.0,9.0,60,796,66.0,746.0
120,2023-0301,Auckland,Hard,32,A,20230109,286,111815,2.0,,Cameron Norrie,L,188.0,GBR,27.3,208103,,Q,Jiri Lehecka,R,185.0,CZE,21.1,6-4 6-7(4) 6-3,3,R16,165.0,4.0,1.0,98.0,64.0,42.0,27.0,16.0,3.0,4.0,6.0,0.0,102.0,68.0,47.0,16.0,15.0,8.0,11.0,12,2575,78.0,685.0
121,2023-0301,Auckland,Hard,32,A,20230109,284,111513,,,Laslo Djere,R,188.0,SRB,27.6,144719,,,Jaume Munar,R,183.0,ESP,25.6,3-6 6-1 7-6(4),3,R32,145.0,7.0,4.0,104.0,66.0,42.0,18.0,14.0,6.0,11.0,4.0,5.0,89.0,53.0,35.0,15.0,14.0,3.0,9.0,70,713,62.0,777.0
122,2023-0301,Auckland,Hard,32,A,20230109,283,106005,,,Constant Lestienne,R,180.0,FRA,30.6,106398,,,Pedro Cachin,R,185.0,ARG,27.7,6-3 6-1,3,R32,70.0,7.0,1.0,41.0,30.0,24.0,5.0,8.0,1.0,2.0,1.0,0.0,53.0,34.0,18.0,7.0,8.0,7.0,12.0,65,760,59.0,809.0
123,2023-0301,Auckland,Hard,32,A,20230109,282,106296,,Q,Gregoire Barrere,R,183.0,FRA,28.8,104545,6.0,,John Isner,R,206.0,USA,37.7,6-7(3) 7-6(5) 6-3,3,R32,138.0,10.0,2.0,101.0,62.0,52.0,27.0,17.0,0.0,0.0,28.0,2.0,109.0,73.0,53.0,21.0,16.0,2.0,3.0,88,603,42.0,980.0
124,2023-0301,Auckland,Hard,32,A,20230109,280,104755,,,Richard Gasquet,R,185.0,FRA,36.5,208485,,WC,Kiranpal Pannu,R,,NZL,26.0,6-3 6-1,3,R32,80.0,5.0,0.0,35.0,24.0,22.0,10.0,8.0,0.0,0.0,8.0,4.0,67.0,42.0,25.0,9.0,8.0,4.0,8.0,67,740,575.0,54.0
125,2023-0301,Auckland,Hard,32,A,20230109,279,111153,,Q,Christopher Eubanks,R,201.0,USA,26.6,200005,,WC,Ugo Humbert,L,188.0,FRA,24.5,7-6(4) 7-6(3),3,R32,119.0,6.0,0.0,91.0,64.0,50.0,16.0,12.0,6.0,6.0,9.0,4.0,83.0,51.0,43.0,18.0,12.0,4.0,4.0,123,462,108.0,523.0
126,2023-0301,Auckland,Hard,32,A,20230109,278,105676,,,David Goffin,R,180.0,BEL,32.0,122330,5.0,,Alexander Bublik,R,196.0,KAZ,25.5,6-3 6-4,3,R32,73.0,1.0,0.0,53.0,32.0,23.0,10.0,9.0,4.0,7.0,6.0,6.0,62.0,35.0,21.0,8.0,10.0,0.0,6.0,53,870,36.0,1130.0
127,2023-0301,Auckland,Hard,32,A,20230109,277,210097,,WC,Ben Shelton,L,,USA,20.2,202104,7.0,,Sebastian Baez,R,170.0,ARG,22.0,7-6(1) 6-1,3,R32,82.0,9.0,1.0,51.0,34.0,28.0,12.0,9.0,2.0,2.0,2.0,3.0,67.0,49.0,26.0,11.0,10.0,7.0,10.0,92,584,41.0,987.0
128,2023-0301,Auckland,Hard,32,A,20230109,276,111460,,,Quentin Halys,R,191.0,FRA,26.2,144684,,,Alex Molcan,L,178.0,SVK,25.1,6-3 6-4,3,R32,53.0,20.0,0.0,53.0,34.0,32.0,9.0,10.0,1.0,1.0,5.0,5.0,44.0,28.0,21.0,10.0,9.0,1.0,3.0,64,771,54.0,850.0
129,2023-0301,Auckland,Hard,32,A,20230109,275,202385,,,Jenson Brooksby,R,188.0,USA,22.2,104926,,,Fabio Fognini,R,178.0,ITA,35.6,6-7(2) 6-1 6-3,3,R32,133.0,6.0,3.0,95.0,54.0,38.0,23.0,14.0,6.0,8.0,4.0,12.0,93.0,49.0,34.0,19.0,14.0,8.0,14.0,48,920,57.0,843.0
130,2023-0301,Auckland,Hard,32,A,20230109,273,200670,,,J J Wolf,R,183.0,USA,24.0,105173,8.0,,Adrian Mannarino,L,183.0,FRA,34.5,6-4 7-6(4),3,R32,109.0,7.0,1.0,72.0,51.0,35.0,12.0,11.0,2.0,4.0,7.0,2.0,71.0,41.0,27.0,16.0,11.0,5.0,8.0,66,746,43.0,971.0
131,2023-0301,Auckland,Hard,32,A,20230109,272,106218,,,Marcos Giron,R,180.0,USA,29.4,105948,,LL,Federico Coria,R,180.0,ARG,30.8,6-7(5) 6-4 7-5,3,R32,157.0,3.0,1.0,121.0,86.0,49.0,20.0,17.0,5.0,10.0,3.0,4.0,115.0,69.0,43.0,17.0,17.0,7.0,14.0,60,796,76.0,695.0
132,2023-0301,Auckland,Hard,32,A,20230109,271,208103,,Q,Jiri Lehecka,R,185.0,CZE,21.1,106329,,Q,Thiago Monteiro,L,183.0,BRA,28.6,6-3 7-5,3,R32,88.0,5.0,1.0,58.0,35.0,29.0,16.0,11.0,1.0,1.0,7.0,0.0,65.0,39.0,30.0,9.0,10.0,6.0,8.0,78,685,69.0,729.0
133,2023-8998,Adelaide 2,Hard,32,A,20230109,300,126952,,LL,Soon Woo Kwon,R,180.0,KOR,25.1,105138,4.0,,Roberto Bautista Agut,R,183.0,ESP,34.7,6-4 3-6 7-6(4),3,F,162.0,11.0,2.0,98.0,53.0,42.0,23.0,15.0,4.0,7.0,5.0,2.0,101.0,60.0,45.0,18.0,16.0,4.0,7.0,84,626,26.0,1545.0
134,2023-8998,Adelaide 2,Hard,32,A,20230109,299,105138,4.0,,Roberto Bautista Agut,R,183.0,ESP,34.7,106423,,WC,Thanasi Kokkinakis,R,196.0,AUS,26.7,7-6(4) 3-6 6-3,3,SF,154.0,7.0,1.0,107.0,70.0,52.0,20.0,15.0,11.0,12.0,20.0,1.0,77.0,46.0,39.0,22.0,15.0,0.0,1.0,26,1545,110.0,522.0
135,2023-8998,Adelaide 2,Hard,32,A,20230109,298,126952,,LL,Soon Woo Kwon,R,180.0,KOR,25.1,207733,,,Jack Draper,L,191.0,GBR,21.0,7-6(6) 6-7(2) 6-3,3,SF,165.0,13.0,5.0,109.0,62.0,50.0,26.0,16.0,9.0,10.0,18.0,6.0,109.0,62.0,50.0,22.0,17.0,2.0,5.0,84,626,40.0,1010.0
136,2023-8998,Adelaide 2,Hard,32,A,20230109,297,106423,,WC,Thanasi Kokkinakis,R,196.0,AUS,26.7,200175,6.0,,Miomir Kecmanovic,R,183.0,SRB,23.3,6-3 6-7(4) 6-1,3,QF,130.0,22.0,3.0,84.0,56.0,48.0,18.0,15.0,2.0,2.0,3.0,3.0,93.0,56.0,42.0,17.0,13.0,7.0,10.0,110,522,28.0,1420.0
137,2023-8998,Adelaide 2,Hard,32,A,20230109,296,105138,4.0,,Roberto Bautista Agut,R,183.0,ESP,34.7,200221,7.0,,Alejandro Davidovich Fokina,R,183.0,ESP,23.5,6-3 6-2,3,QF,82.0,6.0,0.0,42.0,32.0,25.0,8.0,8.0,0.0,0.0,2.0,3.0,66.0,35.0,21.0,13.0,9.0,7.0,11.0,26,1545,32.0,1280.0
138,2023-8998,Adelaide 2,Hard,32,A,20230109,295,207733,,,Jack Draper,L,191.0,GBR,21.0,111575,3.0,,Karen Khachanov,R,198.0,RUS,26.6,6-4 7-6(3),3,QF,105.0,10.0,3.0,68.0,44.0,35.0,13.0,11.0,1.0,2.0,8.0,3.0,75.0,48.0,36.0,11.0,11.0,4.0,6.0,40,1010,20.0,1885.0
139,2023-8998,Adelaide 2,Hard,32,A,20230109,294,126952,,LL,Soon Woo Kwon,R,180.0,KOR,25.1,144707,,Q,Mikael Ymer,R,183.0,SWE,24.3,6-1 6-2,3,QF,60.0,5.0,2.0,46.0,27.0,20.0,11.0,7.0,4.0,5.0,1.0,3.0,40.0,32.0,10.0,2.0,8.0,1.0,7.0,84,626,77.0,694.0
140,2023-8998,Adelaide 2,Hard,32,A,20230109,293,106423,,WC,Thanasi Kokkinakis,R,196.0,AUS,26.7,126094,1.0,,Andrey Rublev,R,188.0,RUS,25.2,6-4 3-6 6-3,3,R16,117.0,17.0,1.0,70.0,44.0,38.0,16.0,14.0,0.0,1.0,10.0,4.0,90.0,55.0,42.0,15.0,14.0,3.0,5.0,110,522,6.0,3930.0
141,2023-8998,Adelaide 2,Hard,32,A,20230109,292,200175,6.0,,Miomir Kecmanovic,R,183.0,SRB,23.3,106186,,WC,Jason Kubler,R,178.0,AUS,29.6,5-7 7-6(1) 6-4,3,R16,154.0,14.0,1.0,92.0,54.0,43.0,23.0,17.0,1.0,4.0,19.0,3.0,113.0,72.0,50.0,22.0,17.0,5.0,8.0,28,1420,86.0,613.0
142,2023-8998,Adelaide 2,Hard,32,A,20230109,291,105138,4.0,,Roberto Bautista Agut,R,183.0,ESP,34.7,104898,,LL,Robin Haase,R,190.0,NED,35.7,6-3 3-6 6-3,3,R16,118.0,11.0,2.0,83.0,55.0,40.0,16.0,14.0,3.0,5.0,6.0,1.0,98.0,51.0,35.0,24.0,13.0,10.0,13.0,26,1545,257.0,207.0
143,2023-8998,Adelaide 2,Hard,32,A,20230109,290,200221,7.0,,Alejandro Davidovich Fokina,R,183.0,ESP,23.5,105357,,Q,John Millman,R,183.0,AUS,33.5,6-3 6-3,3,R16,74.0,4.0,1.0,53.0,35.0,26.0,13.0,9.0,2.0,3.0,1.0,4.0,52.0,29.0,18.0,10.0,9.0,6.0,10.0,32,1280,148.0,378.0
144,2023-8998,Adelaide 2,Hard,32,A,20230109,289,207733,,,Jack Draper,L,191.0,GBR,21.0,126205,8.0,,Tommy Paul,R,185.0,USA,25.6,6-4 6-4,3,R16,91.0,10.0,1.0,57.0,33.0,29.0,13.0,10.0,3.0,4.0,5.0,1.0,58.0,34.0,23.0,12.0,10.0,2.0,5.0,40,1010,35.0,1185.0
145,2023-8998,Adelaide 2,Hard,32,A,20230109,288,111575,3.0,,Karen Khachanov,R,198.0,RUS,26.6,144817,,,Marc Andrea Huesler,L,196.0,SUI,26.5,6-4 6-4,3,R16,79.0,5.0,1.0,54.0,35.0,29.0,11.0,10.0,1.0,2.0,2.0,2.0,56.0,34.0,25.0,10.0,10.0,3.0,6.0,20,1885,55.0,846.0
146,2023-8998,Adelaide 2,Hard,32,A,20230109,287,144707,,Q,Mikael Ymer,R,183.0,SWE,24.3,111456,,,Mackenzie Mcdonald,R,178.0,USA,27.7,3-6 7-6(2) 6-3,3,R16,180.0,4.0,8.0,136.0,99.0,64.0,12.0,16.0,14.0,20.0,5.0,7.0,100.0,62.0,36.0,18.0,14.0,11.0,16.0,77,694,63.0,775.0
147,2023-8998,Adelaide 2,Hard,32,A,20230109,286,126952,,LL,Soon Woo Kwon,R,180.0,KOR,25.1,105807,2.0,,Pablo Carreno Busta,R,188.0,ESP,31.4,3-6 6-4 6-4,3,R16,140.0,11.0,3.0,88.0,57.0,44.0,16.0,14.0,5.0,7.0,10.0,6.0,107.0,65.0,44.0,22.0,15.0,4.0,7.0,84,626,15.0,2420.0
148,2023-8998,Adelaide 2,Hard,32,A,20230109,284,106423,,WC,Thanasi Kokkinakis,R,196.0,AUS,26.7,200615,,WC,Alexei Popyrin,R,196.0,AUS,23.4,6-0 6-7(5) 7-5,3,R32,164.0,11.0,2.0,101.0,67.0,50.0,18.0,15.0,5.0,6.0,11.0,8.0,99.0,51.0,41.0,17.0,15.0,4.0,9.0,110,522,113.0,506.0
149,2023-8998,Adelaide 2,Hard,32,A,20230109,283,106186,,WC,Jason Kubler,R,178.0,AUS,29.6,144869,,Q,Tomas Martin Etcheverry,R,196.0,ARG,23.4,7-6(2) 7-5,3,R32,130.0,10.0,1.0,78.0,57.0,47.0,12.0,12.0,5.0,5.0,10.0,1.0,70.0,43.0,34.0,17.0,12.0,1.0,2.0,86,613,80.0,649.0
150,2023-8998,Adelaide 2,Hard,32,A,20230109,282,200175,6.0,,Miomir Kecmanovic,R,183.0,SRB,23.3,106378,,PR,Kyle Edmund,R,188.0,GBR,28.0,6-4 7-5,3,R32,84.0,7.0,2.0,60.0,39.0,35.0,11.0,11.0,2.0,2.0,11.0,6.0,64.0,35.0,27.0,15.0,11.0,0.0,2.0,28,1420,583.0,52.0
151,2023-8998,Adelaide 2,Hard,32,A,20230109,280,104898,,LL,Robin Haase,R,190.0,NED,35.7,126127,,,Benjamin Bonzi,R,185.0,FRA,26.5,3-6 7-6(8) 7-6(3),3,R32,130.0,13.0,2.0,100.0,57.0,42.0,23.0,16.0,1.0,5.0,16.0,3.0,115.0,63.0,44.0,28.0,17.0,3.0,6.0,257,207,50.0,911.0
152,2023-8998,Adelaide 2,Hard,32,A,20230109,279,105357,,Q,John Millman,R,183.0,AUS,33.5,105077,,,Albert Ramos,L,188.0,ESP,34.9,4-6 6-3 7-6(6),3,R32,166.0,7.0,1.0,109.0,77.0,53.0,15.0,16.0,3.0,6.0,7.0,0.0,93.0,68.0,43.0,18.0,15.0,6.0,9.0,148,378,38.0,1075.0
153,2023-8998,Adelaide 2,Hard,32,A,20230109,278,200221,7.0,,Alejandro Davidovich Fokina,R,183.0,ESP,23.5,206909,,,Brandon Nakashima,R,185.0,USA,21.4,6-2 7-6(3),3,R32,95.0,4.0,1.0,70.0,45.0,37.0,15.0,10.0,5.0,5.0,6.0,3.0,65.0,40.0,32.0,10.0,10.0,1.0,3.0,32,1280,47.0,927.0
154,2023-8998,Adelaide 2,Hard,32,A,20230109,277,126205,8.0,,Tommy Paul,R,185.0,USA,25.6,106331,,LL,Christopher Oconnell,R,183.0,AUS,28.6,6-4 7-5,3,R32,88.0,6.0,0.0,57.0,39.0,32.0,14.0,11.0,1.0,1.0,7.0,1.0,66.0,41.0,32.0,10.0,11.0,3.0,5.0,35,1185,79.0,652.0
155,2023-8998,Adelaide 2,Hard,32,A,20230109,276,207733,,,Jack Draper,L,191.0,GBR,21.0,132283,,,Lorenzo Sonego,R,191.0,ITA,27.6,6-4 6-2,3,R32,82.0,2.0,1.0,44.0,27.0,21.0,12.0,9.0,3.0,4.0,2.0,1.0,50.0,26.0,14.0,11.0,9.0,4.0,8.0,40,1010,44.0,950.0
156,2023-8998,Adelaide 2,Hard,32,A,20230109,275,144817,,,Marc Andrea Huesler,L,196.0,SUI,26.5,126239,,,Arthur Rinderknech,R,196.0,FRA,27.4,4-6 7-6(5) 6-4,3,R32,149.0,11.0,3.0,96.0,64.0,54.0,16.0,16.0,1.0,2.0,11.0,7.0,111.0,66.0,52.0,22.0,16.0,6.0,7.0,55,846,45.0,947.0
157,2023-8998,Adelaide 2,Hard,32,A,20230109,273,111456,,,Mackenzie Mcdonald,R,178.0,USA,27.7,105554,5.0,,Daniel Evans,R,175.0,GBR,32.6,7-5 7-5,3,R32,108.0,8.0,2.0,73.0,40.0,29.0,17.0,12.0,1.0,4.0,2.0,3.0,78.0,52.0,31.0,10.0,12.0,3.0,8.0,63,775,27.0,1450.0
158,2023-8998,Adelaide 2,Hard,32,A,20230109,272,144707,,Q,Mikael Ymer,R,183.0,SWE,24.3,200325,,,Emil Ruusuvuori,R,188.0,FIN,23.7,6-4 4-6 6-3,3,R32,143.0,1.0,3.0,83.0,56.0,41.0,17.0,15.0,1.0,3.0,4.0,2.0,101.0,72.0,49.0,13.0,14.0,5.0,8.0,77,694,46.0,941.0
159,2023-8998,Adelaide 2,Hard,32,A,20230109,271,126952,,LL,Soon Woo Kwon,R,180.0,KOR,25.1,207830,,Q,Tomas Machac,R,183.0,CZE,22.2,6-4 6-4,3,R32,101.0,6.0,3.0,82.0,44.0,35.0,14.0,10.0,9.0,11.0,5.0,2.0,68.0,42.0,27.0,10.0,10.0,6.0,10.0,84,626,115.0,500.0
